{"cameraMode":{"drawMode":0,"name":"Shaded","section":"Shading Mode"},"sceneLighting":false,"audioPlay":false,"sceneViewState":{"showFog":true,"showMaterialUpdate":false,"showSkybox":false,"showFlares":true,"showImageEffects":true,"showParticleSystems":true},"in2DMode":false,"pivot":{"x":-5.0,"y":0.5881757736206055,"z":0.08330440521240235},"rotation":{"x":-0.03148941323161125,"y":0.9505884051322937,"z":-0.29125165939331057,"w":-0.1027754619717598},"size":10.024969100952149,"orthographic":false}